Fluxx Glossary,,,,,,,
Report Date: 05-Nov-2024,,,,,,,
Model Type,Field Name,Label,Use,Theme Name,Form Name,Order,Legacy
Board Meetings,agenda,Agenda,Dynamic Field,,,,
Board Meetings,agenda,Agenda,Form Builder,Board Meetings,default,,
Board Meetings,agenda,Agenda,Export Format,,,10,
Board Meetings,auto_increment_num,Auto increment num,Core Field,,,,
Board Meetings,auto_increment_num,ID,Export Format,,,1,
Board Meetings,board_meetings,Board Meetings,Dynamic Field,,,,
Board Meetings,board_meetings,Board Meetings,Export Format,,,8,
Board Meetings,created_at,Created at,Core Field,,,,
Board Meetings,created_at,Created At,Form Builder,Board Meetings,default,,
Board Meetings,created_at,Date Created,Export Format,,,2,
Board Meetings,created_by,Created by,Core Field,,,,
Board Meetings,created_by,Created By,Export Format,,,5,
Board Meetings,created_by.full_name,Created By,Form Builder,Board Meetings,default,,
Board Meetings,data_language,Data language,Core Field,,,,
Board Meetings,id,Id,Core Field,,,,
Board Meetings,index_dirty_at,Index dirty at,Core Field,,,,
Board Meetings,index_status,Index status,Core Field,,,,
Board Meetings,indexed_at,Indexed at,Core Field,,,,
Board Meetings,is_temp_precreate,Is temp precreate,Core Field,,,,
Board Meetings,locked_by,Locked by,Core Field,,,,
Board Meetings,locked_until,Locked until,Core Field,,,,
Board Meetings,materials_due_date,Materials Due Date,Dynamic Field,,,,
Board Meetings,materials_due_date,Materials Due Date,Form Builder,Board Meetings,default,,
Board Meetings,materials_due_date,Materials Due Date,Export Format,,,7,
Board Meetings,meeting_date,Meeting Date,Dynamic Field,,,,
Board Meetings,meeting_date,Meeting Date,Form Builder,Board Meetings,default,,
Board Meetings,meeting_date,Meeting Date,Export Format,,,6,
Board Meetings,migrate_id,Migrate,Core Field,,,,
Board Meetings,migrate_source_name,Migrate source name,Core Field,,,,
Board Meetings,model,Model,Core Field,,,,
Board Meetings,model_theme,Model theme,Core Field,,,,
Board Meetings,name,Name,Dynamic Field,,,,
Board Meetings,name,Name,Form Builder,Board Meetings,default,,
Board Meetings,name,Name,Export Format,,,9,
Board Meetings,segment,Segment,Core Field,,,,
Board Meetings,segmentable_model,Segmentable model,Core Field,,,,
Board Meetings,segmentable_model_type,Segmentable model type,Core Field,,,,
Board Meetings,state,State,Core Field,,,,
Board Meetings,state,State,Export Format,,,4,
Board Meetings,state_to_english,State to english,Core Field,,,,
Board Meetings,state_to_external_english,State to external english,Core Field,,,,
Board Meetings,taskable,Taskable,Core Field,,,,
Board Meetings,trackable,Trackable,Core Field,,,,
Board Meetings,type,Type,Core Field,,,,
Board Meetings,updated_at,Updated at,Core Field,,,,
Board Meetings,updated_at,Updated At,Form Builder,Board Meetings,default,,
Board Meetings,updated_at,Date Updated,Export Format,,,3,
Board Meetings,updated_by,Updated by,Core Field,,,,
Board Meetings,updated_by.full_name,Updated By,Form Builder,Board Meetings,default,,
Board Meetings,workflowable,Workflowable,Core Field,,,,
Fund,balance,Balance,Core Field,,,,
Fund,balance,Balance,Export Format,,,3,
Fund,can_be_over_allocated,Can be over allocated,Core Field,,,,
Fund,can_be_over_allocated,Can Be Over-Allocated?,Export Format,,,8,
Fund,closed_at,Closed at,Core Field,,,,
Fund,closed_at,Date Closed,Export Format,,,12,
Fund,created_at,Created at,Core Field,,,,
Fund,created_at,Date Created,Export Format,,,6,
Fund,created_by,Created by,Core Field,,,,
Fund,illiquid_balance,Illiquid balance,Core Field,,,,
Fund,illiquid_balance,Illiquid Balance,Export Format,,,4,
Fund,index_dirty_at,Index dirty at,Core Field,,,,
Fund,index_status,Index status,Core Field,,,,
Fund,indexed_at,Indexed at,Core Field,,,,
Fund,is_invested,Is invested,Core Field,,,,
Fund,is_invested,Is Invested?,Export Format,,,11,
Fund,locked_by,Locked by,Core Field,,,,
Fund,migrate_id,Migrate,Core Field,,,,
Fund,migrate_id,Migrate ID,Export Format,,,9,
Fund,migrate_source_name,Migrate source name,Core Field,,,,
Fund,migrate_source_name,Migrate Source Name,Export Format,,,10,
Fund,model,Model,Core Field,,,,
Fund,model_theme,Model theme,Core Field,,,,
Fund,model_theme_id,Model Theme ID,Export Format,,,5,
Fund,name,Name,Core Field,,,,
Fund,name,Name,Export Format,,,1,
Fund,opened_at,Opened at,Core Field,,,,
Fund,opened_at,Date Opened,Export Format,,,13,
Fund,state,State,Core Field,,,,
Fund,state,State,Export Format,,,2,
Fund,updated_at,Updated at,Core Field,,,,
Fund,updated_at,Date Updated,Export Format,,,7,
Fund,updated_by,Updated by,Core Field,,,,
Grant Data Archive,auto_increment_num,Auto increment num,Core Field,,,,
Grant Data Archive,auto_increment_num,ID,Export Format,,,1,
Grant Data Archive,comments,Comments,Dynamic Field,,,,
Grant Data Archive,comments,Comments,Form Builder,Grant Data Archive,default,,
Grant Data Archive,comments,Comments,Export Format,,,6,
Grant Data Archive,created_at,Created at,Core Field,,,,
Grant Data Archive,created_at,Created At,Form Builder,Grant Data Archive,default,,
Grant Data Archive,created_at,Date Created,Export Format,,,2,
Grant Data Archive,created_by,Created by,Core Field,,,,
Grant Data Archive,created_by,Created By,Export Format,,,5,
Grant Data Archive,created_by_id.full_name,Created By,Form Builder,Grant Data Archive,default,,
Grant Data Archive,data_language,Data language,Core Field,,,,
Grant Data Archive,id,Id,Core Field,,,,
Grant Data Archive,index_dirty_at,Index dirty at,Core Field,,,,
Grant Data Archive,index_status,Index status,Core Field,,,,
Grant Data Archive,indexed_at,Indexed at,Core Field,,,,
Grant Data Archive,is_temp_precreate,Is temp precreate,Core Field,,,,
Grant Data Archive,locked_by,Locked by,Core Field,,,,
Grant Data Archive,locked_until,Locked until,Core Field,,,,
Grant Data Archive,migrate_id,Migrate,Core Field,,,,
Grant Data Archive,migrate_source_name,Migrate source name,Core Field,,,,
Grant Data Archive,model,Model,Core Field,,,,
Grant Data Archive,model_theme,Model theme,Core Field,,,,
Grant Data Archive,segment,Segment,Core Field,,,,
Grant Data Archive,segmentable_model,Segmentable model,Core Field,,,,
Grant Data Archive,segmentable_model_type,Segmentable model type,Core Field,,,,
Grant Data Archive,state,State,Core Field,,,,
Grant Data Archive,state,State,Export Format,,,4,
Grant Data Archive,state_to_english,State to english,Core Field,,,,
Grant Data Archive,state_to_external_english,State to external english,Core Field,,,,
Grant Data Archive,taskable,Taskable,Core Field,,,,
Grant Data Archive,trackable,Trackable,Core Field,,,,
Grant Data Archive,type,Type,Core Field,,,,
Grant Data Archive,updated_at,Updated at,Core Field,,,,
Grant Data Archive,updated_at,Date Updated,Export Format,,,3,
Grant Data Archive,updated_by,Updated by,Core Field,,,,
Grant Data Archive,workflowable,Workflowable,Core Field,,,,
Grant Request,"[:fiscal_organization, :city]",Fiscal City,Export Format,,,28,
Grant Request,"[:fiscal_organization, :geo_country, :name]",Fiscal Country,Export Format,,,30,
Grant Request,"[:fiscal_organization, :geo_state, :name]",Fiscal State,Export Format,,,29,
Grant Request,"[:fiscal_organization, :name]",Fiscal Organization,Export Format,,,25,
Grant Request,"[:fiscal_organization, :postal_code]",Fiscal Postal Code,Export Format,,,31,
Grant Request,"[:fiscal_organization, :street_address2]",Fiscal Street Address2,Export Format,,,27,
Grant Request,"[:fiscal_organization, :street_address]",Fiscal Street Address,Export Format,,,26,
Grant Request,"[:fiscal_organization, :tax_id]",Fiscal Tax ID,Export Format,,,33,
Grant Request,"[:fiscal_organization, :url]",Fiscal URL,Export Format,,,32,
Grant Request,"[:grantee_org_owner, :email]",Primary Contact Email,Export Format,,,48,
Grant Request,"[:grantee_org_owner, :first_name]",Primary Contact First Name,Export Format,,,46,
Grant Request,"[:grantee_org_owner, :last_name]",Primary Contact Last Name,Export Format,,,47,
Grant Request,"[:grantee_signatory, :email]",Signatory Email,Export Format,,,54,
Grant Request,"[:grantee_signatory, :first_name]",Signatory First Name,Export Format,,,52,
Grant Request,"[:grantee_signatory, :last_name]",Signatory Last Name,Export Format,,,53,
Grant Request,"[:initiative, :name]",Initiatives,Export Format,,,38,
Grant Request,"[:model_theme, :name]",Application Type,Export Format,,,4,
Grant Request,"[:program, :name]",Program,Export Format,,,36,
Grant Request,"[:program_lead, :email]",Program Lead Contact Email,Export Format,,,51,
Grant Request,"[:program_lead, :first_name]",Program Lead First Name,Export Format,,,49,
Grant Request,"[:program_lead, :full_name]",Lead PO/PD,Export Format,,,34,
Grant Request,"[:program_lead, :last_name]",Program Lead Last Name,Export Format,,,50,
Grant Request,"[:program_organization, :tax_id]",Grantee Tax ID,Export Format,,,24,
Grant Request,"[:program_organization, :url]",Grantee URL,Export Format,,,23,
Grant Request,"[:secondary_program_lead, :full_name]",Secondary Lead,Export Format,,,35,
Grant Request,"[:sub_initiative, :name]",Sub Initiatives,Export Format,,,39,
Grant Request,"[:sub_program, :name]",Sub Program,Export Format,,,37,
Grant Request,activities,Activities,Dynamic Field,,,,
Grant Request,activities,Activities,Export Format,,,79,
Grant Request,ad_hoc_questions,Ad Hoc Questions,Dynamic Field,,,,
Grant Request,ad_hoc_questions,Ad Hoc Questions,Export Format,,,58,
Grant Request,additional_comments,Additional Comments,Dynamic Field,,,,
Grant Request,additional_comments,Additional Comments,Export Format,,,87,
Grant Request,address_org,Address org,Core Field,,,,
Grant Request,al_proposal_and_budget_date,Al proposal and budget date,Core Field,,,,
Grant Request,all_document_types,All document types,Core Field,,,,
Grant Request,all_document_types,Document Types,Export Format,,,14,
Grant Request,amount_available_to_spend,Amount available to spend,Core Field,,,,
Grant Request,amount_funded,Amount funded,Core Field,,,,
Grant Request,amount_funded,Payment (Paid),Export Format,,,11,
Grant Request,amount_pending,Amount pending,Core Field,,,,
Grant Request,amount_pending,Payment (Due),Export Format,,,12,
Grant Request,amount_recommended,Amount recommended,Core Field,,,,
Grant Request,amount_recommended,Current Amount Recommended,Form Builder,Bundle 1 - Quick Start,Grant,,
Grant Request,amount_recommended,Current Amount Recommended,Form Builder,Bundle 2 - Best Practices,Default,,
Grant Request,amount_recommended,Amount Funded,Export Format,,,9,
Grant Request,amount_recommended_cpi_adjusted,Amount recommended cpi adjusted,Core Field,,,,
Grant Request,amount_recommended_fx_2,Amount recommended fx 2,Core Field,,,,
Grant Request,amount_recommended_local,Amount recommended local,Core Field,,,,
Grant Request,amount_recommended_timestamp,Amount Recommended Timestamp,Dynamic Field,,,,
Grant Request,amount_recommended_timestamp,Original Amount Recommended,Form Builder,Bundle 1 - Quick Start,Grant,,
Grant Request,amount_recommended_timestamp,Original Amount Recommended,Form Builder,Bundle 2 - Best Practices,Default,,
Grant Request,amount_recommended_timestamp,Amount Recommended Timestamp,Export Format,,,65,
Grant Request,amount_requested,Amount requested,Core Field,,,,
Grant Request,amount_requested,Amount Requested,Form Builder,Bundle 1 - Quick Start,Grant,,
Grant Request,amount_requested,Amount Requested,Form Builder,Bundle 2 - Best Practices,Default,,
Grant Request,amount_requested,Amount Requested,Export Format,,,8,
Grant Request,amount_requested_fx_2,Amount requested fx 2,Core Field,,,,
Grant Request,amount_requested_local,Amount requested local,Core Field,,,,
Grant Request,annual_operating_budget,Annual Operating Budget,Dynamic Field,,,,
Grant Request,annual_operating_budget,Annual Operating Budget,Export Format,,,67,
Grant Request,base_request_id,Base request,Core Field,,,,
Grant Request,base_request_id,Base Request ID,Export Format,,,2,
Grant Request,board_authority_year,Board authority year,Core Field,,,,
Grant Request,board_authorization_required,Board authorization required,Core Field,,,,
Grant Request,board_authorization_required_yes_no,Direct Board Authority Required,Export Format,,,57,
Grant Request,board_meeting,Board Meeting,Dynamic Field,,,,
Grant Request,board_meeting,Board Meeting,Export Format,,,68,
Grant Request,board_meeting.name,Board Meeting,Form Builder,Bundle 1 - Quick Start,Grant,,
Grant Request,board_meeting.name,Board Meeting,Form Builder,Bundle 2 - Best Practices,Default,,
Grant Request,budget_requests,Budget requests,Core Field,,,,
Grant Request,clone_parents,Clone parents,Core Field,,,,
Grant Request,clone_parents_with_self,Clone parents with self,Core Field,,,,
Grant Request,cois,Cois,Core Field,,,,
Grant Request,comments_to_applicant,Comments to Applicant,Dynamic Field,,,,
Grant Request,comments_to_applicant,Comments Returned to Applicant,Form Builder,Bundle 1 - Quick Start,Grant,,
Grant Request,comments_to_applicant,Comments Returned to Applicant,Form Builder,Bundle 2 - Best Practices,Default,,
Grant Request,comments_to_applicant,Comments to Applicant,Export Format,,,86,
Grant Request,completed_request_reviews,Completed request reviews,Core Field,,,,
Grant Request,contig_id,Contig,Core Field,,,,
Grant Request,contig_id,Contig ID,Export Format,,,3,
Grant Request,created_at,Created at,Core Field,,,,
Grant Request,created_at,Created At,Form Builder,Bundle 1 - Quick Start,Grant,,
Grant Request,created_at,Created At,Form Builder,Bundle 2 - Best Practices,Default,,
Grant Request,created_at,Date Created,Export Format,,,44,
Grant Request,created_by,Created by,Core Field,,,,
Grant Request,created_by.full_name,Created By,Form Builder,Bundle 1 - Quick Start,Grant,,
Grant Request,created_by.full_name,Created By,Form Builder,Bundle 2 - Best Practices,Default,,
Grant Request,created_by_with_create_date,Created by with create date,Core Field,,,,
Grant Request,current_report_progress_rating,Current Report Progress Rating,Dynamic Field,,,,
Grant Request,current_report_progress_rating,Current Report Progress Rating,Form Builder,Bundle 1 - Quick Start,Grant,,
Grant Request,current_report_progress_rating,Current Report Progress Rating,Form Builder,Bundle 2 - Best Practices,Default,,
Grant Request,current_report_progress_rating,Current Report Progress Rating,Export Format,,,71,
Grant Request,current_report_progress_rating_comments,Current Report Progress Rating Comments,Dynamic Field,,,,
Grant Request,current_report_progress_rating_comments,Current Report Progress Rating Comments,Form Builder,Bundle 1 - Quick Start,Grant,,
Grant Request,current_report_progress_rating_comments,Current Report Progress Rating Comments,Form Builder,Bundle 2 - Best Practices,Default,,
Grant Request,current_report_progress_rating_comments,Current Report Progress Rating Comments,Export Format,,,85,
Grant Request,data_language,Data language,Core Field,,,,
Grant Request,display_warnings,Display warnings,Core Field,,,,
Grant Request,docket_budget_year,Docket budget year,Core Field,,,,
Grant Request,docket_org_name,Docket org name,Core Field,,,,
Grant Request,documentable,Documentable,Core Field,,,,
Grant Request,donated_amount,Donated amount,Core Field,,,,
Grant Request,donated_amount_fx_2,Donated amount fx 2,Core Field,,,,
Grant Request,donated_amount_local,Donated amount local,Core Field,,,,
Grant Request,donated_at,Donated at,Core Field,,,,
Grant Request,donated_by,Donated by,Core Field,,,,
Grant Request,donated_hours,Donated hours,Core Field,,,,
Grant Request,duration_in_months,Duration in months,Core Field,,,,
Grant Request,exchange_rate_1,Exchange rate 1,Core Field,,,,
Grant Request,exchange_rate_2,Exchange rate 2,Core Field,,,,
Grant Request,extension_date,Extension Date,Dynamic Field,,,,
Grant Request,extension_date,Extension Date,Export Format,,,62,
Grant Request,extension_flag,Extension flag,Core Field,,,,
Grant Request,favorable,Favorable,Core Field,,,,
Grant Request,final_payment,Final payment,Core Field,,,,
Grant Request,final_report,Final report,Core Field,,,,
Grant Request,fip_consultant_name,Fip consultant name,Core Field,,,,
Grant Request,fip_projected_end_at,Fip projected end at,Core Field,,,,
Grant Request,fip_title,Fip title,Core Field,,,,
Grant Request,fip_title,Fip Title,Export Format,,,55,
Grant Request,fip_title_native,Fip title native,Core Field,,,,
Grant Request,fip_title_native_updated,Fip title native updated,Core Field,,,,
Grant Request,first_transaction,First transaction,Core Field,,,,
Grant Request,fiscal_or_program_possessive,Fiscal or program possessive,Core Field,,,,
Grant Request,fiscal_org_owner,Fiscal org owner,Core Field,,,,
Grant Request,fiscal_org_table,Fiscal Organization Table,Dynamic Field,,,,
Grant Request,fiscal_org_table,Fiscal Organization Table,Export Format,,,66,
Grant Request,fiscal_organization,Fiscal organization,Core Field,,,,
Grant Request,fiscal_organization_exists,Fiscal Organization Exists,Dynamic Field,,,,
Grant Request,fiscal_organization_exists,Does this grant include a Fiscal Sponsor?,Form Builder,Bundle 1 - Quick Start,Grant,,
Grant Request,fiscal_organization_exists,Does this grant include a Fiscal Sponsor?,Form Builder,Bundle 2 - Best Practices,Default,,
Grant Request,fiscal_organization_exists,Fiscal Organization Exists,Export Format,,,70,
Grant Request,fiscal_organization_id.name,Fiscal Organization,Form Builder,Bundle 1 - Quick Start,Grant,,
Grant Request,fiscal_organization_id.name,Fiscal Organization,Form Builder,Bundle 2 - Best Practices,Default,,
Grant Request,fiscal_organization_information,Fiscal Organization Information,Dynamic Field,,,,
Grant Request,fiscal_organization_information,Fiscal Organization Information,Form Builder,Bundle 1 - Quick Start,Grant,,
Grant Request,fiscal_organization_information,Fiscal Organization Information,Form Builder,Bundle 2 - Best Practices,Default,,
Grant Request,fiscal_organization_information,Fiscal Organization Information,Export Format,,,83,
Grant Request,fiscal_signatory,Fiscal signatory,Core Field,,,,
Grant Request,fiscal_sponsor_org,Fiscal sponsor org,Core Field,,,,
Grant Request,fund_docket,Fund docket,Core Field,,,,
Grant Request,funding_general_operating_support,Funding general operating support,Core Field,,,,
Grant Request,funding_history,Funding history,Core Field,,,,
Grant Request,funding_source_list,Funding source list,Core Field,,,,
Grant Request,funding_source_list,Funding Source,Export Format,,,41,
Grant Request,funds_expended,Funds expended,Core Field,,,,
Grant Request,funds_expended_amount,Funds expended amount,Core Field,,,,
Grant Request,funds_expended_at,Funds expended at,Core Field,,,,
Grant Request,fx_applied_date_1,Fx applied date 1,Core Field,,,,
Grant Request,fx_applied_date_2,Fx applied date 2,Core Field,,,,
Grant Request,fx_date_1,Fx date 1,Core Field,,,,
Grant Request,fx_date_2,Fx date 2,Core Field,,,,
Grant Request,fx_rate1,Fx rate1,Core Field,,,,
Grant Request,fx_rate2,Fx rate2,Core Field,,,,
Grant Request,fx_spotrate_1,Fx spotrate 1,Core Field,,,,
Grant Request,fx_spotrate_2,Fx spotrate 2,Core Field,,,,
Grant Request,fx_type,Fx type,Core Field,,,,
Grant Request,ga_proposal_and_budget_date,Ga proposal and budget date,Core Field,,,,
Grant Request,geo_place_relationships,Geo place relationships,Core Field,,,,
Grant Request,geoplaceable,Geoplaceable,Core Field,,,,
Grant Request,grant_admin_feedback,Grant Admin Feedback,Dynamic Field,,,,
Grant Request,grant_admin_feedback,Grant Admin Feedback,Form Builder,Bundle 1 - Quick Start,Grant,,
Grant Request,grant_admin_feedback,Grant Admin Feedback,Form Builder,Bundle 2 - Best Practices,Default,,
Grant Request,grant_admin_feedback,Grant Admin Feedback,Export Format,,,78,
Grant Request,grant_agreement_at,Grant agreement at,Core Field,,,,
Grant Request,grant_agreement_at,Grant Agreement Date,Form Builder,Bundle 1 - Quick Start,Grant,,
Grant Request,grant_agreement_at,Grant Agreement Date,Form Builder,Bundle 2 - Best Practices,Default,,
Grant Request,grant_agreement_at,Grant Agreement Date,Export Format,,,13,
Grant Request,grant_approved_at,Grant approved at,Core Field,,,,
Grant Request,grant_begins_at,Grant begins at,Core Field,,,,
Grant Request,grant_begins_at,Start Date,Form Builder,Bundle 1 - Quick Start,Grant,,
Grant Request,grant_begins_at,Start Date,Form Builder,Bundle 2 - Best Practices,Default,,
Grant Request,grant_begins_at,Grant Start Date,Export Format,,,6,
Grant Request,grant_closed_at,Grant closed at,Core Field,,,,
Grant Request,grant_closed_at,End Date,Form Builder,Bundle 1 - Quick Start,Grant,,
Grant Request,grant_closed_at,End Date,Form Builder,Bundle 2 - Best Practices,Default,,
Grant Request,grant_closed_at,Grant End Date,Export Format,,,7,
Grant Request,grant_ends_at,Grant ends at,Core Field,,,,
Grant Request,grant_id,Grant,Core Field,,,,
Grant Request,grant_or_request_id,Grant or request,Core Field,,,,
Grant Request,grant_or_request_id,Application ID,Export Format,,,1,
Grant Request,granted,Granted,Core Field,,,,
Grant Request,grantee_budget_config,Grantee budget config,Core Field,,,,
Grant Request,grantee_city,Grantee City,Export Format,,,19,
Grant Request,grantee_geo_country,Grantee Country,Export Format,,,21,
Grant Request,grantee_geo_state,Grantee State,Export Format,,,20,
Grant Request,grantee_name_text,Grantee,Export Format,,,16,
Grant Request,grantee_org_owner,Grantee org owner,Core Field,,,,
Grant Request,grantee_org_owner_id.full_name,Primary Contact,Form Builder,Bundle 1 - Quick Start,Grant,,
Grant Request,grantee_org_owner_id.full_name,Primary Contact,Form Builder,Bundle 2 - Best Practices,Default,,
Grant Request,grantee_postal_code,Grantee Postal Code,Export Format,,,22,
Grant Request,grantee_signatory,Grantee signatory,Core Field,,,,
Grant Request,grantee_signatory_id.full_name,Primary Signatory,Form Builder,Bundle 1 - Quick Start,Grant,,
Grant Request,grantee_signatory_id.full_name,Primary Signatory,Form Builder,Bundle 2 - Best Practices,Default,,
Grant Request,grantee_street_address,Grantee Street Address,Export Format,,,17,
Grant Request,grantee_street_address2,Grantee Street Address2,Export Format,,,18,
Grant Request,grantee_user,Grantee user,Core Field,,,,
Grant Request,groupable,Groupable,Core Field,,,,
Grant Request,gs_grant_ends_at,Gs grant ends at,Core Field,,,,
Grant Request,gs_project_name,Gs project name,Core Field,,,,
Grant Request,id,Id,Core Field,,,,
Grant Request,ierf_budget_end_at,Ierf budget end at,Core Field,,,,
Grant Request,ierf_budget_end_at,Final Budget Date,Export Format,,,43,
Grant Request,ierf_due_diligence_board_review,Ierf due diligence board review,Core Field,,,,
Grant Request,ierf_due_diligence_noc4_work,Ierf due diligence noc4 work,Core Field,,,,
Grant Request,ierf_due_diligence_overlap,Ierf due diligence overlap,Core Field,,,,
Grant Request,ierf_due_diligence_risks,Ierf due diligence risks,Core Field,,,,
Grant Request,ierf_goals,Ierf goals,Core Field,,,,
Grant Request,ierf_probability,Ierf probability,Core Field,,,,
Grant Request,ierf_proposed_end_at,Ierf proposed end at,Core Field,,,,
Grant Request,ierf_proposed_end_at,Final Proposal Date,Export Format,,,42,
Grant Request,ierf_tactics,Ierf tactics,Core Field,,,,
Grant Request,index_dirty_at,Index dirty at,Core Field,,,,
Grant Request,index_status,Index status,Core Field,,,,
Grant Request,indexed_at,Indexed at,Core Field,,,,
Grant Request,initial_payment,Initial payment,Core Field,,,,
Grant Request,initial_report,Initial report,Core Field,,,,
Grant Request,initiative,Initiative,Core Field,,,,
Grant Request,interim_payment,Interim payment,Core Field,,,,
Grant Request,internal_notes,Internal Notes,Dynamic Field,,,,
Grant Request,internal_notes,Notes from Internal Review and Board Meeting,Form Builder,Bundle 1 - Quick Start,Grant,,
Grant Request,internal_notes,Notes from Internal Review and Board Meeting,Form Builder,Bundle 2 - Best Practices,Default,,
Grant Request,internal_notes,Internal Notes,Export Format,,,80,
Grant Request,is_fip_theme?,Is fip theme?,Core Field,,,,
Grant Request,is_grant_theme?,Is grant theme?,Core Field,,,,
Grant Request,is_grantee_a_person,Is grantee a person,Core Field,,,,
Grant Request,is_temp_precreate,Is temp precreate,Core Field,,,,
Grant Request,letter_project_summary,Letter project summary,Core Field,,,,
Grant Request,letter_project_summary_without_leading_to,Letter project summary without leading to,Core Field,,,,
Grant Request,letter_request_reports,Letter request reports,Core Field,,,,
Grant Request,list_view_information,List view information,Core Field,,,,
Grant Request,lobbying_activities,Lobbying Activities,Dynamic Field,,,,
Grant Request,lobbying_activities,Does your organization take part in any lobbying activities?,Form Builder,Bundle 2 - Best Practices,Default,,
Grant Request,lobbying_activities,Lobbying Activities,Export Format,,,61,
Grant Request,lobbying_activities_description,Lobbying Activities Description,Dynamic Field,,,,
Grant Request,lobbying_activities_description,Lobbying,Form Builder,Bundle 2 - Best Practices,Default,,
Grant Request,lobbying_activities_description,Lobbying Activities Description,Export Format,,,84,
Grant Request,locked_by,Locked by,Core Field,,,,
Grant Request,locked_until,Locked until,Core Field,,,,
Grant Request,migrate_id,Migrate,Core Field,,,,
Grant Request,migrate_source_name,Migrate source name,Core Field,,,,
Grant Request,model,Model,Core Field,,,,
Grant Request,model_theme,Model theme,Core Field,,,,
Grant Request,multi_year,Multi year,Core Field,,,,
Grant Request,notable,Notable,Core Field,,,,
Grant Request,ofac_result_id,Ofac result,Core Field,,,,
Grant Request,ofac_run_at,Ofac run at,Core Field,,,,
Grant Request,ofac_run_id,Ofac run,Core Field,,,,
Grant Request,ofac_state,Ofac state,Core Field,,,,
Grant Request,outcome_1_original,Outcome 1 Original,Dynamic Field,,,,
Grant Request,outcome_1_original,Outcome 1 Original,Export Format,,,88,
Grant Request,outcome_2_original,Outcome 2 Original,Dynamic Field,,,,
Grant Request,outcome_2_original,Outcome 2 Original,Export Format,,,89,
Grant Request,outcome_3_original,Outcome 3 Original,Dynamic Field,,,,
Grant Request,outcome_3_original,Outcome 3 Original,Export Format,,,90,
Grant Request,outcome_4_original,Outcome 4 Original,Dynamic Field,,,,
Grant Request,outcome_4_original,Outcome 4 Original,Export Format,,,91,
Grant Request,outcome_5_original,Outcome 5 Original,Dynamic Field,,,,
Grant Request,outcome_5_original,Outcome 5 Original,Export Format,,,92,
Grant Request,outcome_count,Outcome Count,Dynamic Field,,,,
Grant Request,outcome_count,Outcome Count,Export Format,,,72,
Grant Request,output_1_original,Output 1 Original,Dynamic Field,,,,
Grant Request,output_1_original,Output 1 Original,Export Format,,,93,
Grant Request,output_2_original,Output 2 Original,Dynamic Field,,,,
Grant Request,output_2_original,Output 2 Original,Export Format,,,94,
Grant Request,output_3_original,Output 3 Original,Dynamic Field,,,,
Grant Request,output_3_original,Output 3 Original,Export Format,,,95,
Grant Request,output_4_original,Output 4 Original,Dynamic Field,,,,
Grant Request,output_4_original,Output 4 Original,Export Format,,,96,
Grant Request,output_5_original,Output 5 Original,Dynamic Field,,,,
Grant Request,output_5_original,Output 5 Original,Export Format,,,97,
Grant Request,output_count,Output Count,Dynamic Field,,,,
Grant Request,output_count,Output Count,Export Format,,,73,
Grant Request,overall_project_amount,Overall Project Amount,Dynamic Field,,,,
Grant Request,overall_project_amount,Overall Project Amount,Export Format,,,63,
Grant Request,parent,Parent,Core Field,,,,
Grant Request,po_number,Po number,Core Field,,,,
Grant Request,program,Program,Core Field,,,,
Grant Request,program_feedback,Program Feedback,Dynamic Field,,,,
Grant Request,program_feedback,Program Feedback,Form Builder,Bundle 1 - Quick Start,Grant,,
Grant Request,program_feedback,Program Feedback,Form Builder,Bundle 2 - Best Practices,Default,,
Grant Request,program_feedback,Program Feedback,Export Format,,,77,
Grant Request,program_lead,Program lead,Core Field,,,,
Grant Request,program_organization,Program organization,Core Field,,,,
Grant Request,program_organization_cois,Program organization cois,Core Field,,,,
Grant Request,program_organization_id.name,Organization Name,Form Builder,Bundle 1 - Quick Start,Grant,,
Grant Request,program_organization_id.name,Organization Name,Form Builder,Bundle 2 - Best Practices,Default,,
Grant Request,project_summary,Project summary,Core Field,,,,
Grant Request,project_summary,Project Summary,Form Builder,Bundle 1 - Quick Start,Grant,,
Grant Request,project_summary,Project Summary,Form Builder,Bundle 2 - Best Practices,Default,,
Grant Request,project_summary,Application Summary,Export Format,,,56,
Grant Request,project_summary_native,Project summary native,Core Field,,,,
Grant Request,project_summary_native_updated,Project summary native updated,Core Field,,,,
Grant Request,project_title,Project Title,Dynamic Field,,,,
Grant Request,project_title,Project Title,Form Builder,Bundle 1 - Quick Start,Grant,,
Grant Request,project_title,Project Title,Form Builder,Bundle 2 - Best Practices,Default,,
Grant Request,project_title,Project Title,Export Format,,,76,
Grant Request,racial_equity_focus,Racial Equity Focus,Dynamic Field,,,,
Grant Request,racial_equity_focus,Racial Equity Focus,Export Format,,,74,
Grant Request,related_relatable,Related relatable,Core Field,,,,
Grant Request,related_request_reviews_averages,Related request reviews averages,Core Field,,,,
Grant Request,related_user1,Related user1,Core Field,,,,
Grant Request,related_user2,Related user2,Core Field,,,,
Grant Request,related_user3,Related user3,Core Field,,,,
Grant Request,renewal_grant,Renewal grant,Core Field,,,,
Grant Request,request_evaluation_metrics,Request evaluation metrics,Core Field,,,,
Grant Request,request_funding_sources,Request funding sources,Core Field,,,,
Grant Request,request_organizations,Request organizations,Core Field,,,,
Grant Request,request_outcomes,Request outcomes,Core Field,,,,
Grant Request,request_received_at,Request received at,Core Field,,,,
Grant Request,request_received_at,Date Request Received,Export Format,,,40,
Grant Request,request_received_at_year,Request received at year,Core Field,,,,
Grant Request,request_recommendations,Request recommendations,Core Field,,,,
Grant Request,request_recommenders,Request recommenders,Core Field,,,,
Grant Request,request_regrants,Request regrants,Core Field,,,,
Grant Request,request_reports,Request reports,Core Field,,,,
Grant Request,request_reviews,Request reviews,Core Field,,,,
Grant Request,request_transactions,Request transactions,Core Field,,,,
Grant Request,request_type_identifier,Request type identifier,Core Field,,,,
Grant Request,request_users,Request users,Core Field,,,,
Grant Request,results,Results,Dynamic Field,,,,
Grant Request,results,Results,Export Format,,,81,
Grant Request,secondary_program_lead,Secondary program lead,Core Field,,,,
Grant Request,segment,Segment,Core Field,,,,
Grant Request,signatory_contact,Signatory contact,Core Field,,,,
Grant Request,signatory_contact_title,Signatory contact title,Core Field,,,,
Grant Request,signatory_user_org,Signatory user org,Core Field,,,,
Grant Request,signatory_user_org_title,Signatory user org title,Core Field,,,,
Grant Request,skip_hgrant_flag,Skip hgrant flag,Core Field,,,,
Grant Request,spending_year,Spending year,Core Field,,,,
Grant Request,spending_year,Fiscal Year,Export Format,,,15,
Grant Request,state,State,Core Field,,,,
Grant Request,state,Status,Export Format,,,5,
Grant Request,state_to_english,State to english,Core Field,,,,
Grant Request,state_to_external_english,State to external english,Core Field,,,,
Grant Request,sub_initiative,Sub initiative,Core Field,,,,
Grant Request,sub_program,Sub program,Core Field,,,,
Grant Request,sub_recipient_description,Sub Recipient Description,Dynamic Field,,,,
Grant Request,sub_recipient_description,Sub Recipients,Form Builder,Bundle 2 - Best Practices,Default,,
Grant Request,sub_recipient_description,Sub Recipient Description,Export Format,,,82,
Grant Request,sub_recipients,Sub Recipients Exists,Dynamic Field,,,,
Grant Request,sub_recipients,Does this grant include sub-recipients?,Form Builder,Bundle 2 - Best Practices,Default,,
Grant Request,sub_recipients,Sub Recipients Exists,Export Format,,,60,
Grant Request,support_type,Support Type,Dynamic Field,,,,
Grant Request,support_type,Support Type,Export Format,,,75,
Grant Request,taggable,Taggable,Core Field,,,,
Grant Request,taskable,Taskable,Core Field,,,,
Grant Request,this_request_is_a_renewal,This request is a renewal,Dynamic Field,,,,
Grant Request,this_request_is_a_renewal,This request is a renewal,Export Format,,,59,
Grant Request,title,Title,Core Field,,,,
Grant Request,total_amended_budget_amount,Total amended budget amount,Core Field,,,,
Grant Request,total_amount_claimed_to_date,Total amount claimed to date,Core Field,,,,
Grant Request,total_amount_due,Payment (Total),Export Format,,,10,
Grant Request,total_amount_paid,Total amount paid,Core Field,,,,
Grant Request,total_outcome_percent_acheived,Total outcome percent acheived,Core Field,,,,
Grant Request,total_output_percent_acheived,Total output percent acheived,Core Field,,,,
Grant Request,total_project_budget,Total Project Budget,Dynamic Field,,,,
Grant Request,total_project_budget,Total Project Budget,Form Builder,Bundle 1 - Quick Start,Grant,,
Grant Request,total_project_budget,Total Project Budget,Form Builder,Bundle 2 - Best Practices,Default,,
Grant Request,total_project_budget,Total Project Budget,Export Format,,,64,
Grant Request,total_recommended_budget_amount,Total recommended budget amount,Core Field,,,,
Grant Request,total_requested_budget_amount,Total requested budget amount,Core Field,,,,
Grant Request,trackable,Trackable,Core Field,,,,
Grant Request,translator_assignable,Translator assignable,Core Field,,,,
Grant Request,type,Type,Core Field,,,,
Grant Request,type_of_support,Type of Support,Dynamic Field,,,,
Grant Request,type_of_support,Type of Support,Export Format,,,69,
Grant Request,updated_at,Updated at,Core Field,,,,
Grant Request,updated_at,Last Updated At,Form Builder,Bundle 1 - Quick Start,Grant,,
Grant Request,updated_at,Updated At,Form Builder,Bundle 2 - Best Practices,Default,,
Grant Request,updated_at,Date Last Updated,Export Format,,,45,
Grant Request,updated_by,Updated by,Core Field,,,,
Grant Request,updated_by.full_name,Last Updated By,Form Builder,Bundle 1 - Quick Start,Grant,,
Grant Request,updated_by.full_name,Updated By,Form Builder,Bundle 2 - Best Practices,Default,,
Grant Request,use_custom_fx_rate,Use custom fx rate,Core Field,,,,
Grant Request,workflowable,Workflowable,Core Field,,,,
Model Document,allowed_filetypes,Allowed filetypes,Core Field,,,,
Model Document,checked_out,Checked out,Core Field,,,,
Model Document,checkout_token,Checkout token,Core Field,,,,
Model Document,combined,Combined,Core Field,,,,
Model Document,created_at,Created at,Core Field,,,,
Model Document,created_by,Created by,Core Field,,,,
Model Document,doc_label,Doc label,Core Field,,,,
Model Document,doc_label,Label,Export Format,,,3,
Model Document,doc_type_custom,Doc type custom,Core Field,,,,
Model Document,doc_type_date,Doc type date,Core Field,,,,
Model Document,doc_type_year,Doc type year,Core Field,,,,
Model Document,document_content_type,Document content type,Core Field,,,,
Model Document,document_content_type,Content Type,Export Format,,,2,
Model Document,document_description,Document description,Core Field,,,,
Model Document,document_file_name,Document file name,Core Field,,,,
Model Document,document_file_name,File Name,Export Format,,,1,
Model Document,document_file_size,Document file size,Core Field,,,,
Model Document,document_text,Document text,Core Field,,,,
Model Document,document_type,Document type,Core Field,,,,
Model Document,document_updated_at,Document updated at,Core Field,,,,
Model Document,documentable,Documentable,Core Field,,,,
Model Document,documentable_state,Documentable state,Core Field,,,,
Model Document,documentable_type,Documentable type,Core Field,,,,
Model Document,documentable_type,Model Type,Export Format,,,4,
Model Document,external_id,External,Core Field,,,,
Model Document,has_dynamic_recipients?,Has dynamic recipients?,Core Field,,,,
Model Document,icon_url,Icon url,Core Field,,,,
Model Document,id,Id,Core Field,,,,
Model Document,index_dirty_at,Index dirty at,Core Field,,,,
Model Document,index_status,Index status,Core Field,,,,
Model Document,indexed_at,Indexed at,Core Field,,,,
Model Document,locked_by,Locked by,Core Field,,,,
Model Document,locked_manually,Locked manually,Core Field,,,,
Model Document,locked_until,Locked until,Core Field,,,,
Model Document,migrate_id,Migrate,Core Field,,,,
Model Document,migrate_source_name,Migrate source name,Core Field,,,,
Model Document,model,Model,Core Field,,,,
Model Document,model_document_master,Model document master,Core Field,,,,
Model Document,model_document_sub_type,Model document sub type,Core Field,,,,
Model Document,model_document_template,Model document template,Core Field,,,,
Model Document,model_document_type,Model document type,Core Field,,,,
Model Document,original_file_name,Original file name,Core Field,,,,
Model Document,s3_permission,S3 permission,Core Field,,,,
Model Document,segment,Segment,Core Field,,,,
Model Document,seq_number,Seq number,Core Field,,,,
Model Document,storage_type,Storage type,Core Field,,,,
Model Document,system_locked,System locked,Core Field,,,,
Model Document,updated_at,Updated at,Core Field,,,,
Model Document,updated_by,Updated by,Core Field,,,,
Model Document,upload_state,Upload state,Core Field,,,,
Model Document,url,Url,Core Field,,,,
Model Document Type,abbreviation,Abbreviation,Core Field,,,,
Model Document Type,created_at,Created at,Core Field,,,,
Model Document Type,display_custom_text,Display custom text,Core Field,,,,
Model Document Type,doc_label,Doc label,Core Field,,,,
Model Document Type,docusign_body,Docusign body,Core Field,,,,
Model Document Type,docusign_cc_recipients,Docusign cc recipients,Core Field,,,,
Model Document Type,docusign_signatures,Docusign signatures,Core Field,,,,
Model Document Type,docusign_signer_email,Docusign signer email,Core Field,,,,
Model Document Type,docusign_signer_model_relationship,Docusign signer model relationship,Core Field,,,,
Model Document Type,docusign_subject,Docusign subject,Core Field,,,,
Model Document Type,dropdown_sub_type,Dropdown sub type,Core Field,,,,
Model Document Type,enable_document_locking,Enable document locking,Core Field,,,,
Model Document Type,index_dirty_at,Index dirty at,Core Field,,,,
Model Document Type,index_status,Index status,Core Field,,,,
Model Document Type,indexed_at,Indexed at,Core Field,,,,
Model Document Type,locked_states,Locked states,Core Field,,,,
Model Document Type,migrate_id,Migrate,Core Field,,,,
Model Document Type,migrate_source_name,Migrate source name,Core Field,,,,
Model Document Type,model_document_sub_type_id,Model document sub type,Core Field,,,,
Model Document Type,model_type,Model type,Core Field,,,,
Model Document Type,name,Name,Core Field,,,,
Model Document Type,permission_name,Permission name,Core Field,,,,
Model Document Type,required,Required,Core Field,,,,
Model Document Type,required_proc,Required proc,Core Field,,,,
Model Document Type,required_state,Required state,Core Field,,,,
Model Document Type,retired,Retired,Core Field,,,,
Model Document Type,sub_type_config,Sub type config,Core Field,,,,
Model Document Type,updated_at,Updated at,Core Field,,,,
Model Document Type,upload_only_once,Upload only once,Core Field,,,,
